,DIABLO,TRIM48,SCARNA16 /// MIR6516 /// SNHG20,RBP1,RPL7,F2RL1,HIST1H2BB,CENPJ,RPSAP15,HS3ST1,RASGEF1C,CYP26B1,GSDMD,IFNL2,MTFMT,UBXN7-AS1,GAS1,LOC100506127,TAF1A,OARD1,CACNA1C,IL16,MOCS3,NIFK
TARGET-20-PABHET,0.6337997471668415,0.8323396012370777,-0.2432722195917252,-0.4739998542108682,-1.6633965234608583,-0.011047918125096158,-1.9602421094921416,-0.8560963553509119,0.5478920586605873,-0.2237205624061475,-0.8393543856493172,1.136075488430763,0.6638031990140119,0.3538178933541084,-0.32657337651605683,0.1644514151319091,0.7916293248979435,-1.1726675233392607,0.14020672875017556,-0.7262974126344968,-1.1482858880246611,1.3242224081407494,1.7648762436040066,0.2520239769047142
TARGET-20-PABHKY,0.6856444418009797,-0.46398793398408,-0.11349833346416248,-0.11381883201919107,-2.1705557063716534,-0.029556959161470824,-0.5456766952712688,-1.5966264931086545,-0.7103314867841387,-1.0449165856028648,-0.2680077494631205,-0.14024639575852274,0.18770076713667447,-0.5712701369933817,-0.5933026599114717,-1.4122528024739256,1.1949913638708245,0.006442751793875403,-0.33766463700942817,-1.1676441464874066,0.9925820264742554,-0.11018772156603447,-1.1658939906216748,0.04780831631937494
TARGET-20-PACDZR,0.11711858886156752,-0.12341617006311408,0.8820300865694433,1.1477145281563572,-1.5726642476996004,0.2690547261300816,0.2673126716132591,0.14990253924917876,1.1023509238108244,0.2948894528000167,-0.4027968011663435,0.6323951653462754,0.6562726097351079,-0.3430889096783586,0.373409180755198,0.2376913380190707,2.2335452469608787,-1.85633650410762,-0.02592523987551897,-1.0113253391572177,-0.19163569024894656,0.4942019437995763,-0.6069785863908729,0.5413811439328746
TARGET-20-PADDXZ,1.0191757492127915,1.1935317701483412,0.8950603901204819,3.4054411311705457,-1.4083189934905345,-0.15083356023780822,-0.6247961930791439,-1.1019943521951592,0.12404938398660847,0.4531292605546666,-0.06339091476425536,2.6033277841515297,0.8417175175283229,0.18451311438739024,-1.2170790609742077,0.6110091466131585,0.8208305772922632,-0.5097084372213617,-2.0239975636209206,-0.7282112080229662,0.4484581386100429,-0.3548322051872971,-2.509458317807282,-0.4179263117353232
TARGET-20-PADZKD,-0.3918625757124532,0.7703237332287655,0.06819833584899325,1.8880632307287275,1.4279205889144164,0.13518995292032393,-0.3240026350308786,0.025730368327175443,-0.543418355745053,0.6445664083952433,2.510861202858926,-0.4780973903719462,-0.5882650854102258,-0.08078080283339623,-0.625378875509494,0.13246796450911744,0.7642082865138959,0.5690649239272123,-1.283779189953204,0.4601791764010419,0.8940844490736789,0.2260254136593901,0.8358682068419975,-0.8606518156648856
TARGET-20-PAECBZ,1.2374097820697258,-0.9917414242044541,-0.0512571373142994,-0.403701952994336,-0.003252666489560592,-0.9704311032722784,0.2164959936003957,2.426441624824767,-1.5524469056166372,-1.5617740250891172,-1.5441506659365216,-0.907580238859355,0.015276812171516748,-1.3760626664960993,1.6220915360589918,-0.7155898136623057,-1.516676557584104,1.1635096171088144,2.2738244503608365,1.6139171056578312,-0.4133856333418166,1.050613396673217,1.1052772536286888,1.1447831577463516
TARGET-20-PAECRF,2.745826975085004,-1.5787785787719266,1.4936826772848444,0.049137522870548164,1.0478721885559408,0.8673281653434108,-1.0354250584507927,0.9382573776066736,-0.4910715680097187,-0.6056804707551722,0.1353771734049231,0.534091804814527,-2.803452611883225,0.9691514238532876,2.2151997946638,1.4068910458352195,-0.08842808501939811,-0.4658034605623881,1.4711647522056404,1.9674078725440636,-0.02770041478712781,-2.0276446885286363,1.8745795373995633,0.8179812881576528
TARGET-20-PAEGRE,-0.3732783803159628,-0.4767468095718253,0.07146142370948905,-0.5124799145173038,2.3741897479150698,1.6335493282463278,-0.38713884313050223,0.10854317900594383,1.0513768203731384,1.1653607933392731,-0.4874920085466037,-0.5066632337960563,-0.9403450150004542,0.39855839570436624,0.3933697780159064,0.8860765065870528,-0.9425575392709828,-0.2275285458181353,0.4895077029608685,0.8609789652902435,0.003353403912688137,-1.3191759938867658,0.3220294503711344,0.3655718094279418
TARGET-20-PAERAH,0.9933836649475662,1.252866985507916,0.3215947465292647,1.3795521054254771,0.6592641395407476,2.5915788104605704,0.6947107086663469,-1.3186975065147706,0.4286533091898336,0.07068675889146488,0.8641488497718294,0.5339812273561121,0.3057684642450911,2.5945519471931697,-0.9048427104906196,-0.17044267193427326,1.512386294025024,0.14634061575462962,0.6595777134302407,-0.1461877544816285,-0.4053212695709331,1.5647141776704414,-0.2545750900374375,0.7955661144869259
TARGET-20-PAERXF,0.4571919962104592,0.06131688314369535,2.8973837024627884,0.7360736044205533,1.255871650914295,-0.20867589490513785,-1.1538054486375888,0.3670223787061121,1.6320222782785243,-0.45053942007051706,-0.4784733306916684,-0.8146214554843797,-0.6679831736798303,0.8321073929316202,0.19063819250443392,-0.7251775853857162,0.03308587774635045,-0.8420971951674051,0.2506721397889545,0.14876639078929013,-0.7739549726896736,-0.14651744044263942,-0.10693210193980733,0.17222802455156475
TARGET-20-PAKKIM,0.224744817030038,-1.3023362743707785,1.357448759109137,1.2344765347776336,1.3667191010188495,-0.6429362049349021,-1.2872614901974022,1.1366935931643232,0.3549243237411312,-0.951141084763354,1.0898390307455932,0.4254310223444905,-1.1644878628546318,1.7588982682590732,0.20068038445962652,2.2778045222563894,-0.3036617014872706,-0.656193057919727,-0.5209671355382811,1.6561226732915426,-0.39488975424541656,-2.0801934982912065,-0.8105131149115848,0.7090817635384812
TARGET-20-PAKRZG,-0.6867491777437068,0.932116585883872,-0.6469911507643057,1.2890378143166108,-1.6441373139832327,-0.950568359302964,2.758204326298284,-0.25092167994265835,1.0966754021955456,1.2576631145881327,-0.33622824333609835,0.6414625169363808,0.0826706100573693,-0.21572543583456236,-1.010030416055188,-0.7619549218702099,2.7435765609041645,-1.040306040553745,-0.32765266622041594,-2.0962431862446413,-0.9378501269387016,-0.8102465172299971,-2.5006794272042048,-1.4700708058208505
TARGET-20-PAKVYM,-1.3206381353642431,0.8936853060832067,-1.008797041242271,-1.0005066296076741,-1.4468374124457788,1.0107068133715913,0.6900507606281376,-0.34826470460353337,-0.750667286915047,1.245115688419467,-0.5066455372583242,0.9896340743352884,-0.5964757499323762,0.6677711890434241,-0.8827158468605315,0.08017102783597313,0.3936940673434747,-0.5934572307102881,-0.1790416464754954,-0.3420838504453638,0.07200079899716323,0.005670389819035748,0.28768012529325976,-0.7341403688758669
TARGET-20-PAKXVC,-0.8235832768702153,-0.7850734151892184,-0.5241403023948206,0.6633252317019189,0.4906390610033152,-0.4515453827898107,-0.02299877053908383,-0.20825849846328556,0.01893344411666765,-0.27126870367688866,-0.6058063467425402,0.03468714345545039,0.4557831105851473,0.22269882989696865,-0.7159597564119647,0.030634207265021317,-0.15059200973296996,-0.09435887202186988,0.3954952972520329,-0.27566239182954866,-0.7447066085654295,0.15177279628613516,-0.19671322504009986,-1.0383204733314388
TARGET-20-PALGKX,-1.1113488320673013,1.6605839431785328,-0.9653406481812048,-0.07978025131031434,0.10203101198812208,0.9574949018206762,1.0014592596945573,-0.323142623259818,1.1143355136402944,0.5328333563386303,0.479872808695434,-0.7873456824084523,0.5365296053201533,-0.17961579160192712,-0.8757992678097287,-0.5026977006220411,0.18647141392182945,0.6700483907203729,1.1868080951796818,-1.0516681459461543,-0.33727569267831353,1.3280094744506763,0.7114969412158649,0.12530593865329118
TARGET-20-PALVKV,0.19614484031393886,3.2406740265723943,0.16353341631375554,-0.31039259282838405,-0.9401062119678191,1.1612335189428702,0.3204095142243911,-2.390653625916148,2.930106463904965,2.2203605774319053,-0.2904205033402341,1.9321226115669303,0.5471288267942014,-0.7996146508133308,-2.178174082411704,-0.5676572752026208,1.106612352199517,-1.827261832495904,-0.601596873625802,-1.725477226318488,0.9833140263196608,-0.10885571893288493,1.7186392935947843,-0.8617622447753007
TARGET-20-PAMVVP,0.1920053699997668,-0.7240112409117067,1.0756767127771198,0.9484988527589608,0.4735197636898724,-0.492789042242019,1.0289983350367495,0.14142098048626744,0.4307915289611744,0.05351659676592065,-0.5445061254810267,-1.2211041926212816,-1.0310106559662602,0.12496019337581313,-0.5535052520397346,0.4214085396282486,0.10440929067407276,-0.4572568406237098,0.31077733775899874,0.2741327473699639,-0.015062232758134024,0.25310946720003585,0.08985953803789354,0.7671339644737201
TARGET-20-PANAEV,-1.2968434178939692,-0.7629322553308889,-0.009454336074430532,-0.904478777619079,-0.7325347320423071,-1.373366474405213,0.7980265162403117,0.4848770652880725,-1.0396701271199955,-1.1354917307799262,-0.37212436707554253,0.2656097357806865,-1.5263708282682762,-1.1611776260109228,-0.1443439548576363,0.20996911927335013,-1.3534711312229262,-0.5073444785149172,-0.3443392842021045,-0.3413693668336684,-1.9866587504941011,1.1687437478442428,-1.2841353575723429,-1.8479007666230824
TARGET-20-PANASY,1.6297331468807217,0.3122929873818279,0.7163181381945298,-0.5067749105514724,-0.32637940328082843,-0.19096389391339189,0.7808920754727435,-0.5608816562861786,0.2061464640959788,-0.6253905976921861,-0.10835036327871117,0.4951685394521255,-1.275920679541109,0.2970874962134295,-0.6422912265218617,-0.13560225903026624,0.8411881858936131,-1.2665591140130956,-0.04146048121647004,-1.8002938673717201,0.11765873915270587,0.2076646714809172,-0.5912597747873589,-0.26494533382592145
TARGET-20-PANBYS,-0.1374154144427266,0.3781751813258218,-0.8513310040823879,0.0690858924423434,0.5193138840033367,0.902537093029145,0.19795582028923306,0.09307206310085384,0.21586084527933885,-0.6398175978213438,-0.8135484658465818,0.7589326369268856,-0.9934572327780816,-1.5797042647848072,0.0073565843237461985,2.058399503676739,-0.5855384908236024,-0.9084092675994084,0.5413697116479578,1.0187012225719758,-0.4030744816546669,-0.3509667857813031,-0.5254509340071875,0.5126132827932582
TARGET-20-PANBZH,-0.2863784510632084,-0.7137783649352718,-0.7119221896099849,-0.996141727244558,0.4050425744360937,2.623485715104271,0.21243375861221706,0.4629674919385519,-0.3174270043571629,-0.6497488602341943,0.06001317232011188,-0.6770262380621744,-0.7283274111173721,-0.8500701808360658,-0.004232940752432086,0.9259287092555712,-1.4044082224200989,-0.5171639992955245,0.7217854252659767,0.7584760842838186,-0.3977784815663272,0.4246243944916854,-1.3149162059212849,0.282831928735556
TARGET-20-PANCSC,-0.12572068712157008,2.0323698451535592,-0.6156610977253539,0.009585381281944664,-2.0896670265656336,-0.5451280051726269,-0.8457397151472744,-1.4526550574358257,1.0154758464346367,0.6710328417307694,-0.0624979763627747,0.44496637333129896,-0.14639863651009752,0.5995407566271039,-0.6159710901339033,1.169230522509479,1.0397681874266744,-1.809905930540056,0.9362752128026052,0.848730674804038,-1.1762503733396128,1.5368465931691182,0.9848247446558016,-1.1896487195416152
TARGET-20-PANDDC,0.03890286306511557,0.015642686090190525,0.4144163674258043,-0.9064697857145358,1.5319203200935936,-1.2365159638854175,-3.054499741457239,2.162411103778982,-1.4140961670786252,-0.6721513498713694,0.2977133747937626,-1.1388345635598394,-1.7988487799962842,1.0716720223044751,1.1584950596806347,3.400397006417076,0.30049124996691223,-0.6011754548629471,1.6862051981356645,1.7600034869776675,-0.09763168868089887,-1.1949341012224806,0.3772423234408595,0.7445121993405934
TARGET-20-PANGCM,-1.1482566967565953,-0.9436958805770655,-0.652216500919289,-0.4082965870607756,-0.997883840400697,0.493098887246385,-0.6237446608614954,0.14779223065048255,-0.8669494855908599,0.7594490168180785,0.3941060752334001,0.9017249948946352,-0.5907863399705632,0.5793865365902839,1.0541274406701877,-1.6317062441430903,0.5324646207571967,-0.06595095799402181,-0.3603584374645255,-0.7984857746875635,0.8384363269333087,0.1836625063855904,-0.2743440132658128,-0.3603131176576925
TARGET-20-PANHYK,0.8584600905814471,0.3749790185523268,-0.5481284077476563,-1.4737539384509968,-1.4789360949084889,-1.2409566155626344,0.0735982996021211,-0.09892569501236648,-1.3478905474920322,-2.226254219418066,-0.5612040735886743,-1.6805166731865977,1.2901359108451176,0.5263184224887013,0.2302499204016544,-0.6514292200586789,-1.4476214818630209,0.7709510384124617,0.020830663709174132,-0.20204506255309093,-0.2776956916844811,0.5147043372705596,-0.13136412666058842,-0.1458195318178092
TARGET-20-PANILV,0.4032630927468071,0.2298113674206461,-1.1339629181614288,-0.9385556469451763,0.035693734898526515,-0.6752479553155574,-0.5272361408017792,0.4312187727658124,-0.5503609705581604,-0.6823112091172526,-1.244480538400242,0.03468714345545039,-0.24512565718855994,0.5459361297236148,0.7014283290728376,-0.26954052462093203,-1.6719284471574507,-0.08280174056815019,0.0284397615088237,0.005308288469618702,-0.011290838755831072,0.14529560701123004,0.0774246007248054,0.3742486508488683
TARGET-20-PANINI,1.735246218874825,-1.2873349297403398,0.8893058905827139,-0.5670411940562777,0.7812391328990456,0.2581997998079971,-0.8142712299391328,0.9734202266142484,-0.4821227223000488,-0.12651610907115174,-0.09562599105764044,-0.2880884576606012,-0.4038485840824124,0.2368114492514556,1.475945922781946,2.0429041150328437,-0.14209292349037553,0.14159249356647596,2.219442762358512,0.9665439189182214,0.047165768279868264,-0.29849632911480234,1.748544442132946,1.214301184844948
TARGET-20-PANJGR,1.4498543459557982,-0.7106595286804899,0.9359151320495296,-1.5375810633572944,0.5552644083615703,0.5274095634532512,-0.0950342618280658,-0.5159065443674703,-0.3807024709237782,0.1849089764633178,1.2834280761861925,-0.7256434606123741,2.052085578500668,2.0978810524894835,-0.5099942446776334,1.5767592438439182,-0.666710507066223,1.1042490112455978,-0.3178576214651649,0.5549758413098957,0.08239219310989437,-1.6529079477367181,-0.1331374187774203,0.4807465497176001
TARGET-20-PANKKE,-0.3707310139687788,1.2569910665059745,-0.1854626495226695,1.007042148488852,-1.5063269706100049,0.4571308738038602,1.5077222130712464,0.2511973519865939,0.14347814635332864,-0.2296640800649904,0.2946327373086624,0.14187355981327815,0.2694093195328621,-0.4743945862839887,-0.8904370391342464,-0.5448500000423888,-0.005705559800087972,0.4653538124727674,-0.21613599824879035,-0.4854398836776518,-1.026879098120732,0.5829760016439961,0.8417572880694985,-0.09502385599947523
TARGET-20-PANLIZ,-1.8533850700636818,1.2324270090612868,-0.9369870604204072,1.9729490951062068,0.4748037109883854,0.3669388344680361,0.3256339690320747,-1.6858105539516404,0.5872511411181659,-0.9125082199808794,4.5043015372402335,0.8761816020005571,1.5146270899214456,1.4281031359186172,-0.13874260895967053,-1.512028578413755,2.583472152496362,0.1461183632266747,-1.3938274355424418,-0.7581940024423196,0.2735697720564336,-0.9338615851257432,-1.6358601865724236,-0.15408319031392712
TARGET-20-PANLJN,0.7465496553745332,-0.0470433450803073,0.11912896394186825,-1.0217951007821808,1.2584395455113138,-1.1111529511516989,-0.35345660588521005,2.885964682554857,-0.21642911738016926,-0.9358758962464132,0.05764688555619544,-2.612279196951896,-1.0089994401664748,-1.1917821823631316,1.0326040369572829,0.7684568221619862,-0.9859717906182932,2.6211629240968013,3.384602549547917,1.942426463406578,-0.4368565428242341,-1.7315222207910583,0.10741731924404553,1.6462322848639552
TARGET-20-PANLRE,-0.44854147693726976,2.618015122384188,0.9151460187752908,1.4139352836893375,-3.6428152753279006,-0.19143199679674544,1.2331837541836246,-2.2429992312876315,0.9748496707792274,1.1034110515874949,0.3518700888434545,1.6783473445024062,2.2902777856483043,1.0465725538326949,-2.2193331434299077,0.3072753176480597,0.39711092971803214,0.6363064160215784,-1.5922980698166491,-2.5821175594692747,1.1013105131363998,1.0426474985730263,0.19682626992475868,-3.729148447197331
TARGET-20-PANNHB,0.5031603798391632,-1.0749447583402962,-1.2845279654541768,-0.04669888603194538,-0.8780487592065822,-0.8792649038819081,-0.1988260260900204,-0.2057987120074793,-0.08380669600734368,-1.2489011596121098,0.5048304370167689,2.102485615833045,1.799230285620547,1.4163698342073672,-0.5639652239375952,-0.4739343854518117,-1.2457107573429975,0.38590863611608295,-1.4448384267124643,0.6773311598127115,0.5437058977745941,-0.521593711317518,-0.3152610869245431,0.017878378203744626
TARGET-20-PANPTM,0.7121602096875623,-0.9497789000492026,-1.0613151174834958,-0.4063438675825394,-0.2022644977583549,0.4836103152865209,0.3598696442866571,0.7479801258669129,-0.4602125690875817,1.3530387932588708,-1.0165580114227826,-0.07202010391590691,-0.4183623850054055,1.0139152528471058,1.7955630522526314,-1.5762133835621392,-1.2443325271414944,0.6070701062077112,1.2875785811710991,1.1336310149675275,-0.11239629498778847,1.516527023588959,1.3168025429227757,1.0016410982338904
TARGET-20-PANTPW,0.3999630954334076,-1.4851361646097476,0.5737123795344763,-0.2781152885116423,-0.005820561086578912,-0.2142931295053769,0.018309842474206337,0.4300896904582283,1.069459296217164,-0.5614850830355744,0.677971193063505,1.4935355523366092,1.2541748589582034,-1.2599892881358916,-1.0513287370542816,-0.10775898256076556,-0.8296862283938183,0.8453046114014261,0.03948630261270145,0.0820642421831654,-1.0617444320356415,-0.5451518755351298,1.2564011484741748,-0.039424928680279685
TARGET-20-PANUTB,-1.5204906042386672,0.8804882468894182,-1.7006819071221582,0.9003700609130044,-0.18600116531058236,1.7958671659063965,1.1004250445155146,-0.2376146384604355,1.0645229123006217,0.9118977048025748,1.7626234693397778,-0.09369328576542403,0.12662669285272035,0.6326179371967925,-1.4695109863317226,0.3497907902397479,0.14142051421023902,-0.3175206148651047,-0.8863039496293762,-1.274331860076616,1.235596212346069,0.2557473547676422,-0.4501407502800451,0.5475014160065602
TARGET-20-PANUUA,-1.3285407605094819,0.9486129098761076,-1.1991364838075491,0.043738827842481474,-0.6730451738780886,0.21033944284244493,1.3892532728029636,-0.5303157852451905,0.24970279277137056,1.1419931170737396,1.3178062046431247,-0.2799057257378256,0.5311221777762709,1.2899627527495765,-0.823870768269467,-0.2526166548364299,0.5588232733609166,-0.9431412762863732,-1.1162288587990663,-1.082212320346127,1.0857434825737031,0.8391122726884879,0.4121170684052021,-0.2659782911379339
TARGET-20-PANVGE,-0.1479811953145625,-0.7235215062931861,-0.6724344169197927,-1.7081951416910996,-0.6978681549825788,1.2062599557497429,-0.07413644259733516,-0.4917925722269561,-0.3100620251447809,0.4143947971797303,-1.3054235843011657,-0.6054826224670791,-0.3944602282853666,0.009446654461072306,-0.705530731176524,-0.4774450594414446,-0.7112158573230551,-0.3714673648326407,1.558752809991526,0.04782006336548488,0.07344516265761854,0.8952653248701584,0.7409642398486371,0.9573530534812558
TARGET-20-PANVGP,-0.5888203101014439,-0.17852420239967792,0.4959053723744074,1.6142996176033413,-0.3892928209077354,0.6562517192389212,-0.2261326574683113,-1.5749991903360308,0.25767492080771304,0.5242736749239719,1.7965104816758994,-0.6076204533297876,0.9139216037200808,2.397418482458019,-0.4982964062829848,0.2901093324159952,0.6183743033174791,0.5259075239531825,-0.7986992052255094,0.06085938927892402,2.0864467719933417,-0.8294430257665236,-0.8005082445734146,-0.7801844410589289
TARGET-20-PANWHP,-0.8980647951804562,1.2865040211483347,-0.3658805411607674,-0.3948572824164406,-0.6893085063258536,0.0969952879245522,-0.898338463550047,-1.2268789202874246,-1.4965892138123185,1.4962674089777264,0.7336905493157772,1.4164262046679104,-0.3064651266893919,1.2473449749633825,-1.6184572725577513,0.7500076250578503,0.06682380455394872,0.4552918343889371,-1.0129887533463575,-1.1260509933780027,-0.5706607874804183,-0.6622897541559662,0.3926765326058689,-0.9464647443605184
TARGET-20-PANYGP,0.06385547432956339,-0.12813308770464416,-0.906979880838416,-1.4903329097074012,-0.4843049209973525,0.005500151372906745,0.0383221608900746,0.4203715177393934,-0.6664055892593799,1.3927384432621657,-0.7349252395963735,0.03468714345545039,0.15144114563077374,-0.5453075827098373,0.6197291402848221,0.4272677334592233,-0.4786969370780097,0.3431149220968911,-0.09295538430796267,-0.3528266218926381,-0.548634241658456,-0.5307871412560963,1.2322099412013572,0.8853559288338169
TARGET-20-PANYNR,-0.88518322672027,0.47485910522407104,-1.7384940401002025,0.08428647347881506,1.0234771898842858,0.8651900737951216,0.018243429913091292,0.8092193995972287,-0.07121495735391344,-0.20863317142600965,0.8682563664186309,-1.8327818334253116,-0.5710807451174014,1.003604876393083,-0.5163073638112529,-0.40543992533684403,-0.12497989848839408,-0.2067378320666028,0.9415148108488556,0.3122300342364265,0.4520289265483941,0.4068382416843728,-1.015339300653198,0.5234076867038131
TARGET-20-PANZCU,-1.1559566904878535,0.6683816060579919,0.13857520375914836,1.1259283049579891,0.5004826569585458,0.4366608612291149,0.5947487354286688,-0.8209603892554226,0.8074613797909549,1.2013012954215891,2.9259436187863392,2.182838568948612,-0.7473695179283399,1.6049424207555807,-1.2206379271524734,1.3439410294693963,1.9294157824961324,-0.9847429085647098,-0.6209032906306158,-1.9747809722564449,2.3886397467310814,-0.6819824989675842,0.406753407064171,-0.9095106965231872
TARGET-20-PAPAWN,-0.13837067682291992,-1.309372987573718,1.070032452694102,-0.6843958058366003,-0.7248310482512521,0.7011516417529967,-0.4260455351834801,1.6983582753625155,-2.2315032685534453,-0.6046644848305838,0.06179904912306924,-1.5160511333693274,-0.7499239468907858,-0.8464312244405298,1.1904320152977668,-0.15402724458964692,-1.6187517318828353,2.5761264800227783,1.8201987405286248,-0.09742424798342512,-1.7334938977863024,1.1896901421929391,0.1807790708922026,0.3338858438818885
TARGET-20-PAPVCN,-0.4945967026005362,0.4655799229784379,-0.925478061344875,1.793643500663385,0.3108864392121469,1.1935326178942465,0.2532221398967751,-0.21817829302276093,0.30067689620905425,4.514913988818654,1.4931346597734845,0.6137075748739829,-0.23988410165522864,1.6121037003288494,-1.0079415163418577,-0.0711511268895645,0.4980375788488455,-1.3013315322505992,-1.1880480625922556,-0.0615724810394299,1.6512920980680188,-0.9486442025838012,0.92440145771193,0.3275073324801997
TARGET-20-PAPVDV,1.1860861396429694,0.4802977370402604,-0.014878117247959847,0.956730905461334,1.6170888242279802,-0.600920808296625,-1.7917423731841842,-1.466540081527883,-0.4404142378714945,-0.5178484875744995,0.1880158921720952,0.6769578810878878,-0.13518568859702115,-0.7600293366900854,0.5578203421142061,0.4851091138815121,0.8910628913104636,-0.3139443696425385,-0.6082548342004943,1.114008232917756,1.6403390069762247,-1.0506076982662411,-1.896249525308075,-0.8253504995267795
TARGET-20-PAPVGE,-1.1048356794750724,0.8874476335736439,-0.7024195486108373,-0.43130804601019546,-0.6135556157138626,-0.1942153112383057,1.0844306860470787,0.13908216713484528,0.4231625719992428,-1.0339947369135398,1.342228069923569,-0.30703406220252755,0.9358001219114296,0.6985623585441231,0.12117840870341327,-1.94786059556806,0.20812111333708955,-0.0768413318638732,-0.9994392195452264,-0.4748246985896062,0.366610864517504,0.4168674379810047,-0.027681269064151127,-0.1010408323419633
TARGET-20-PAPVKG,0.18792379437530127,-0.439217672489489,1.3056803111601896,0.011882698315164421,0.7097660666154134,-1.3956329899376931,0.36707540716759296,0.19767347402476002,-0.3934525962269358,0.32407364848382003,0.6788641314649816,-0.5287787254792399,0.8730839147230428,0.5632211726024161,1.4186636506430736,-1.2969816378902008,0.8002432636573305,1.2292559558332947,-1.1429608208057318,-0.04776763697060248,0.008649404001027847,-0.8229136010942352,-0.7472000185921374,0.8447090586060345
TARGET-20-PAPVZK,-0.9794068342211752,-0.11748780362840425,-0.8009074774813472,0.5267880226942095,0.4281536258092433,0.7155616197027104,-0.2638660609415969,-0.437784801847586,0.027407129877150712,0.9672435380445302,0.9145998694553821,0.20715111943147324,-0.03851548084935876,1.3735187899855623,-0.7867347733658238,-0.6567073368155057,0.7259049721638222,-1.0378208531956887,-0.3582559235988337,-0.5760772332755664,1.6794170682341316,0.6611462738206214,0.6205555158662852,-0.4952948144052334
TARGET-20-PAPWHS,-0.3373547253517129,1.2824057156565154,1.330903098406186,0.7421232059413647,-0.9131433186991456,-0.8031286024759616,1.0284559657876458,-1.5728351159131635,1.3710802728505043,-0.1297926636779495,-0.18688429568877107,-0.20729319471137425,0.7829656513920468,0.6401524430670397,-2.1845490948701616,1.303991980621853,1.0451375425866931,-1.1420976983576567,-1.4444880077348492,-0.028017268561599508,0.4048865015196036,-0.4670338387558809,0.7752916724312411,-0.2262869064237658
TARGET-20-PAPWIU,1.7314541166989048,-0.549871920768661,0.4558664024104841,0.1298882165882318,0.7431486963766287,-0.6612048688149592,-1.7515627737098431,0.843347256489518,-0.3070526787999372,-1.1050629523385016,-0.20710935048226514,0.038667931958426466,-0.6103758244163395,-0.6863871229675838,1.2501126537741647,-0.05107975628676995,-0.7603153082515596,-0.17772377478069035,-0.014361413614207697,1.7907517995524116,-0.4245393304975626,-0.6067635267428324,0.509341639897133,1.0935742990032136
TARGET-20-PAPXWI,-0.4519862109749354,0.3776081201885895,-0.8995276936975518,-0.7702005970273671,-0.9379662998036434,0.6004336132563635,0.9683525979789219,0.22729844314276115,-0.7436718765520297,0.03439066173554327,-0.8216742053000364,0.6834082328288141,0.3977610812952833,-0.23758250085134705,-0.2926403611728526,-1.9616611760790292,-0.7963502853949914,-0.8118102370395618,0.0266209201488203,0.3774776983473152,-0.897769035361032,2.243147518819788,1.0417452323565486,0.11167090213469297
TARGET-20-PARBFJ,-0.04400233259774337,-0.9307050254331792,-0.1870941934529164,-0.4788242199806295,-0.12094783551949212,-1.6181083738232978,-1.7582815111426058,1.4124853882474264,-1.7994244880935746,-1.3339137818520457,-1.8089515488950545,0.2839655938777273,-0.2841221668685103,-1.2674771407190164,0.9612100867550296,-0.20985906679718147,-0.2327115592391229,-0.20908158599777588,0.7320310087067341,0.546963417950172,-0.2193193270743632,0.9218270244370248,-0.0903375905255107,-0.33399853013411485
TARGET-20-PARBFZ,-0.09877070906217066,-0.4979600512055933,2.108179445932703,-0.26838997973767675,-0.3559101911465201,-0.9438631017846602,0.5472748229919069,-0.5064975251376141,-0.6803436144355046,-1.0711798217534765,-1.193940224876541,0.05975136736305811,-0.035032168627841184,-0.4719686153536292,-0.4972287464295057,0.4928568082034588,-0.9605032450197042,1.5841326286534467,-1.3611216642983324,-1.2594297733184,-1.5370604399642125,-0.7506198111226688,0.6622388268594489,-2.688986257931174
TARGET-20-PARBVE,0.942610022073037,0.225068674272878,-0.552582081719412,-0.8194014701554966,-0.2266594964300099,-0.5956072079991013,0.7862714929230259,-0.3777149347929796,-0.008652230711080788,0.9002646659660354,0.041216818968981314,-0.01986440269639787,0.10040232798500212,0.5578093912962325,-0.06086533298048785,-0.05238717970359856,0.2449600580980644,-0.6117829618790361,-0.8083273838009439,-1.209671093218194,-0.8718507318983947,-0.280971353294383,-0.3004836526176177,0.20980184677610456
TARGET-20-PARCVP,0.3304315730932633,-2.5591499585292845,-0.2154477812137141,2.813345954475305,0.5578323029585887,-1.6851482975770555,-1.0138852511292864,-0.8230841393101621,-0.3508729852248762,1.2232973906889282,-0.2792141264016753,0.5867635341733071,0.04140165383290522,-1.1859738481164093,-0.07534837099291011,0.4881597685207796,0.6368655585209613,-0.17691558376994088,-0.6403265139613015,-0.9164776397046709,0.34739280359087804,-0.5013002594360493,-0.3887323010490456,-0.44966392514697534
TARGET-20-PARCVS,1.7396751626375373,-0.18133373257960575,-0.4105936640059391,0.5748785259229506,0.4058985393017639,0.6660059712136616,-1.0487297081940865,-0.7061569131951453,0.8029209624987331,-0.2980145331416773,1.2561934549410896,-0.1291886499169342,0.374373127807946,0.5842851317381211,1.9709223148538784,-1.38191573689455,0.11316679507944925,-0.8817591690199407,-0.3874575050667878,0.7660291967503111,-0.3321401774411367,1.0261411130014848,1.1615628589666225,0.6505130839472454
TARGET-20-PARCZL,-0.9176621476468492,-1.3823434457331256,-0.2518488491710021,-0.849458034673458,-0.3109720356987261,-0.4873236247931365,1.5445369094491137,-0.597885984771596,1.0988664175167941,-0.7875165516083862,0.3694163284325106,-0.3199347656843836,2.5412255504071166,0.34229453143490685,0.8295629848216141,-0.5704900259390809,2.13040768688182,0.6356396584377102,-0.6489034356038893,-0.5464771979339038,0.6198158384380972,1.119929768994224,-1.3051959380216214,1.5388563722800166
TARGET-20-PAREFM,-0.2896784483766026,-0.3407810141670658,0.28783942548589003,-0.3135322594404516,0.5698158110780024,0.1009804881476958,0.4206814127472707,-0.7585785917614818,0.7788725895149299,-0.045592830177682966,1.1893570155903992,1.5965568844274345,-0.7517319518057637,-0.4517677420296866,-0.19754126755710452,-1.230254620542425,0.3509976442261168,0.11831659245688746,-0.4091000485890384,-0.8845810498968458,-0.5451436961456864,0.6150746533329613,1.1007017221173616,-0.5643480107134268
TARGET-20-PARENB,0.832407480212532,-0.2915240217464977,1.0016839907512838,-0.28171441853035345,0.10502688901797552,0.04512442787729775,-0.5633756428083134,0.9229206762620084,-1.6877091044849395,-0.23781736710981302,0.02809062446724445,-0.8301760179682155,0.028944665840712158,-0.88608651849446,1.0678213387909057,0.22514975783541552,-1.9592033047829975,0.8175230454069087,1.318498884291169,0.7685298893912474,0.021086979966069803,-0.3792783711603388,0.15323831184314904,0.5597419601539362
TARGET-20-PARGTL,1.3408675925791709,-0.4071013917171041,1.0957843893228811,-1.7376390883335369,0.6639719463019491,-0.51986310090083,0.2419652107878488,-0.23760119700439095,-0.4459841683869513,-1.0353409182636204,0.3977224757593871,-1.6818804618403946,-0.20369082895354776,-0.7127229035481025,0.21149624297531408,0.943215752211416,-1.117879906153701,0.21729978649844675,0.7066172895206208,0.4346363872829375,-0.8147983673103635,-1.297916187153796,-0.504193321100485,0.387754567703465
TARGET-20-PARGVC,1.3529096880385818,-0.15238783907447895,0.18780814424892905,-0.24629744760154584,0.6293053692422208,0.31395464864415706,-0.848728280397432,0.7217827280397868,-0.31771737988166626,-0.1113779187947842,0.8479866647050647,0.4742693998115167,0.08122752356559901,-1.2381788764062296,0.7529545220016419,-1.5929919840781082,-0.20793212874128686,-0.8933769147994661,0.20336557781086728,0.35647698361784297,0.5152198366933666,-0.5586547257574193,-0.9778812412470509,0.10679017883542406
TARGET-20-PARHJV,0.9032126857262682,0.7324852900715738,-0.8332076377220665,-0.1394339169395954,1.3590154172278024,3.1192193200046714,-1.2944119092774096,1.131760578796671,-0.5241215822531065,1.816353774519314,0.03228743495419446,-1.4674707699719352,-2.7498759524760628,-2.0345271609398146,1.1705487846931073,0.6441547513842413,-0.0920746524275356,-0.14848746496682486,0.06037794832577637,-0.6297910905119425,0.7149833551770669,-2.159669655402286,0.18496053748868171,2.0161859461620786
TARGET-20-PARHVI,0.661068146019637,-0.3325844031834235,-0.1733583573915035,-0.9447966915520892,-0.4898686926242242,1.6779558450184902,0.3791403557700803,0.14842397908448707,-0.2438300077832342,-0.33903496484693674,0.15345917603486595,-0.3793885791593384,-0.4008794750935948,-0.5095944914177408,-0.4014952462341557,0.19287576867555326,0.5550905665651835,-0.4817248234741555,1.5438349735158947,-0.8768493165274273,-1.32285328487595,0.4822400377999464,1.391521629277642,1.346106537858044
TARGET-20-PARIZR,-0.06386021116782323,0.018761522344972536,-0.08545341617665697,0.3706087530524712,0.02157031461493716,-1.1754348633224547,0.104070596393541,-0.07042980820194818,-0.14156502760840736,-0.8105032331522001,-0.3598018171351379,-1.3653340575484358,0.9451055417031984,0.23461874475670905,-0.370270063852676,-0.01447190061556676,0.21219837768319788,-0.0465139641854939,-0.12440965920344545,-0.4845722964348778,-1.000880552232513,1.7671785779087257,-0.21284799405373453,0.10382042656338372
TARGET-20-PARJVI,-0.25294426775643336,-0.5022645607473161,-0.3520344656446082,0.34216031045776235,0.3969109082122036,0.08345825859514669,0.3114991622748464,-0.5122504683238692,0.8466884733737622,-0.15666549138331146,-0.7035384547843968,-0.6114538052215415,1.5669099476463295,-0.37639935668366,0.4602609888360941,0.3681431411648609,-0.21031531846471874,0.017656402068025153,0.11093840081029424,0.7553884943904225,-0.4671079372682428,1.9536328288505649,-0.132633891386221,-0.8930350273965546
TARGET-20-PARJYP,0.7348259807085182,-0.5492533086189527,-0.9278371856764486,0.07153636394444209,0.8642677248692489,1.2905690804704524,-1.2681900163973219,0.2623940848701217,0.34674101350514913,3.147219136785817,-1.3265415774961404,-0.0685184843994013,-1.4861136913081578,-0.7886044750524754,1.1706106780179486,1.3609375338881682,-1.1993390536883004,-1.0758058307009206,0.6903645236064561,1.9148678098126184,-0.034721627025459674,-1.3244517690219741,1.3612443083198993,0.3249249392001594
TARGET-20-PARLFE,0.4477551617879412,-0.3155725690664293,-1.1349330253631964,-1.0362681980914668,1.1976660400485823,0.04492200500882045,-0.9568922049327638,1.0338395715259625,-0.6497485932629147,0.22051928312014565,-0.7237635095778909,0.23479548403545286,-1.0548464638820791,-0.5230306381089536,1.3131045851294676,2.123528559070609,-0.7976998024672953,0.0015936057293765163,-0.0457322554197822,2.4992643696356547,-1.8218809295636864,0.40307729307313617,1.7386052492805837,0.7290694875259734
TARGET-20-PARLSW,0.7368522948483232,-0.8625288114340158,-0.7490508379685996,0.8932100894928008,-0.08028950440006455,0.1069646141970492,-0.5570553807422389,-0.3054671085637332,-0.6116302062282085,0.2162521422368733,1.069613975952099,-0.24175650258433246,-0.6458890218747723,0.7072398699488641,-0.7034108848007748,0.19096305663982388,1.1784526014528007,-1.035780170893546,-0.2552160575619037,-0.3082989825209145,0.07585243542504763,0.8249042446015878,0.9496653972529542,-0.767195002860343
TARGET-20-PARMIX,-1.1779856199220098,-1.482558613985961,-0.9368768209656608,-0.6757042897275854,1.0923823615708996,2.312538886264897,0.4757152883909136,-0.12091591709814227,-0.16117857439981104,-1.2137226469732338,-0.9079767018029612,1.0908493079386536,-1.2091074336921763,-1.4122422906594192,-0.5687000632878078,0.6155609170273045,0.3903059180981192,-0.6929859536841025,0.0412217108827966,0.931559739216998,-1.0321750982090716,0.1094098890123354,0.14130690192126213,0.11680986476196495
TARGET-20-PARMMN,-0.5487571848230272,-0.2915240217464977,1.4517255408083345,0.2815877180151941,1.8858617920490583,-0.12006528422928962,0.8449912657085299,0.3846575690340693,-0.6605452832194197,-0.3936950075897939,1.5893041256127487,-1.2963705826497125,0.3757332782944465,-0.10972916749276478,1.750102405158089,-0.14550478083550472,0.3284291246765237,1.0531107250404184,0.5770290142748256,0.15187949795453154,1.3581665174209223,-0.5440288144914949,0.4617035701906622,1.0330430005191409
TARGET-20-PARMZF,-1.008325231730673,-0.4679058109322365,-0.1077658818173449,-0.7248668742384944,0.43628529203313343,2.208012777555038,-0.021493419153819245,1.0311109559493037,-1.0549808365937687,-0.18049036131491064,-0.06089068724011426,0.7894520154496781,-0.43093548340498106,-0.629680052470463,0.24663617815288505,-0.7557567664126521,-1.0577259004839838,0.790872946827439,-0.4319273419879886,0.2606341105632913,0.19059910400576152,0.07613594088236128,-1.4010631748068407,0.1414975445191211
TARGET-20-PARPWL,0.31726053118453434,-0.6592116182297022,-1.6396092491926066,-1.3826653180838249,-0.019515998937333145,-0.7607336629592897,0.36985366597422203,0.09756150941909868,-0.1504082822182598,0.8081147426058652,-1.8512321822050724,-1.2864554705450846,-0.3929176185872666,-1.7694898367981993,1.0630091327846412,-0.0006713201045976339,-0.2304432220324861,-0.2526632862524494,1.1469771380573897,0.4709474651201616,-0.26598029754966857,2.262422380452379,1.4286513012547453,0.06485211196762156
TARGET-20-PARTST,-0.2788521414010771,0.02816958212179465,-1.3179525681333129,-0.4738849883592081,1.7784382014071929,0.1621628001448969,-0.06335547017639559,0.6891603142242747,-0.7878617518263334,-0.7652664598598979,-1.5785734413135302,-0.011165642634344622,0.8234052475637703,-0.7906105663987337,1.1321594499614682,-0.6395413515834389,-0.987694578370169,0.5421117537187123,-1.1842435136924294,1.437286549938018,-1.3448798306979122,-0.4555420513326564,-0.1829866305061143,0.6808562049876797
TARGET-20-PARTXH,0.63956026879286,-0.2538917826392081,-0.08979685069366855,-0.9936529671252368,-0.02251187596718658,-0.23377633059629774,0.4190985800407048,2.3167862264288237,-1.3144973621742309,-0.9055487163974482,-0.7664459651685748,-1.7554144716869764,0.6068925121948234,-1.5741758502608159,1.3008961268048953,0.6514424263558225,-1.232387865395146,1.5527546126610916,2.8918300339306637,1.2049773070496703,-1.3278684364747564,0.4679797743156723,0.5124284817301349,1.2654067478568838
TARGET-20-PARTYK,-0.6020492466998845,1.337410645968127,1.8943810473973683,-0.7046887729633774,-0.8326826213259532,-1.4401027638562542,0.2916639440219496,1.1235478491546107,-0.9051206681754738,0.1589505360900847,0.3998208810028621,-0.9464297859161488,-0.137624007152083,0.2189432402836272,-0.5711139029565453,-0.0119296884161772,-0.3160370601715903,1.7103922693078029,0.24838607312546376,-1.4452720641747112,-0.5429370294422091,-0.6031070489263508,-0.9305934514648928,-0.9545992831926348
TARGET-20-PARUCB,-1.1047488374405077,1.6529028423196466,0.004193308423182691,0.8443538139196551,-0.4688975534152578,-1.0176841916324,1.7659785257256035,0.662936033485063,1.4009361563243643,0.1606777121618851,-0.3897152535846749,1.5323850993933992,1.1601088417761525,-0.4674665731463307,0.3914665582770939,0.3335206321636569,2.2985804845942472,0.42245907457723375,0.8713976420897978,0.0700711244154218,-0.015102353970922966,-0.5850858368308378,-0.6167645317763466,0.8854850484978184
TARGET-20-PARURW,-0.3526389234348116,-0.7105822021617757,2.5971355235152616,-0.6451499731857597,1.1809747251679747,-1.057219908131832,1.2115111217398897,0.1229255369715798,0.4405059101445344,-0.6844701792070025,-0.04079957320684089,0.3244738028107591,1.0574174800455822,0.1070453311208622,0.8370984971208122,-1.87067419088566,-0.4703701296106016,1.5273774149235548,0.026387307497076604,1.8705698258875068,0.3441028641420601,-0.33733334706556584,-0.3972703742041572,1.0751360109837445
TARGET-20-PARUUB,0.4425156923693019,0.8598936174053607,1.9468329799657456,0.4552648857266272,0.7782432558691921,-0.4516086399362096,1.3972117113765312,-0.215610974918614,0.9986868615633979,-0.8349376946385518,0.7249843999013595,-0.2912952039546624,0.9711142729572014,0.5058842827291479,0.32561206064796816,-0.3923656911685579,0.7984917627762552,1.9531930537122528,0.34593604184641696,-0.4194522186832225,-0.3808072085559603,1.1817764794901295,-0.688725163727255,-0.1829285232519416
TARGET-20-PARXBT,0.4146393992745675,0.8892776945165319,-0.1392061743110448,-1.118627013732403,0.3138823162420004,-0.2448083769282986,-0.4194042790720186,0.4824441617443517,-0.5626623336870873,0.6145948236198844,-0.7408186330461324,-0.14831855022288665,-0.98202865125129,-1.117650109125844,0.8108247807264857,-1.0151834684741157,-1.4358778120210578,0.7116298182234416,0.6307098643219182,0.2477478882809285,-0.573469272375751,-0.10357994379767926,0.4226254661345717,0.20727110136166765
TARGET-20-PARXCG,-0.8336569528795279,-0.20115509687652772,0.9498053033475856,-0.5142794795266611,0.517173971839161,-0.8029135281782039,1.598264671390836,0.3576133594762572,3.407431030637337,0.4906191411719794,-0.25903371852825746,0.2767043407750855,-0.03989221853691216,-2.164876445159437,0.6420416838894282,0.13718921573655615,1.3273588894734,1.9325437733875996,-0.943922841520148,1.022120536999372,-1.4939301362144692,-1.1506907196430614,0.8999256480006076,0.8734769197456462
TARGET-20-PARXNG,0.7474180757201616,-1.7670944273458005,0.80252539180628,0.14884108211229696,0.8805310573170213,-1.275925166092052,0.5833036373965846,1.9245645391042816,-1.3218359436116616,-0.3961079741606926,-1.5111565920018806,-0.40865474648675215,-1.102650777322154,0.3968555507244016,1.160847006024531,-1.9533324046829348,-0.07757452218256865,0.9701903273375078,1.674691431728299,0.6100676312259744,-0.6463293948032216,0.21429856694796287,0.1806915009111259,0.4790163462199765
TARGET-20-PARYEB,0.6685655083369151,0.3515748588883416,-0.8155693249626289,-1.6573095694052762,0.890802635705087,-1.1949054129840952,-2.5405882747921824,1.2473571007634656,-1.231925122115674,-1.9902152894880605,0.10024004730673083,-0.8139579907338832,-0.3237821645906545,0.03746195337799763,1.8515610379010852,-0.0849759189452888,-0.3717979570740207,0.5273622677725324,0.8379743462724761,1.2991105228905218,-0.146459204646889,-1.076359749173742,-0.14498125871822853,0.8999980987316282
TARGET-20-PARYFN,0.009463413348238676,1.9446042464136148,-2.0412997743978503,-0.07683202778434975,-1.5097508300726934,-0.2208592213016035,0.8467622673382527,-1.0910798898885272,-0.6802380233356871,1.176206443084255,0.08001499251323678,0.9068852762873789,-0.3275474592301071,-0.5847995902588395,-0.9763604473425522,0.1393682547646031,1.4430440870119623,-1.5188157332433156,0.2442477918660045,-1.1861952031196354,-0.17887714458157886,2.6896295779107984,-1.4329386479192605,-1.5484980897355771
TARGET-20-PARZUU,0.04576338379559625,0.08134445149051935,-1.5278484899706208,-0.8507981362761701,-0.9910361214753198,1.5214070591100175,1.5682572625272166,0.3541320223612112,-0.7680370228352901,-0.1836399176811351,-0.5618737773897858,-1.6302039296073558,1.379574098932864,0.21672720914531834,0.6570198685005634,0.2624113252150341,-1.7433092863435693,0.8050566990660959,1.1563049575091533,0.5700565489710376,-0.05072999092885275,2.0300270975163253,1.3360460462646828,1.353363062974949
TARGET-20-PARZWH,0.7392838718160941,-0.5888960372127955,-0.4382417192563605,0.507567136849602,-0.05760643545975001,-0.06541110974047487,-2.261522692988581,0.1543247782872117,1.0040192121042613,-0.9827636466661674,-0.3336387219718088,-0.13829286065984028,-0.6016675438625433,0.9313622612842479,1.3908271277965518,-0.060885431912983436,0.3350331443920534,0.4663438464609359,0.4782108625872646,0.223455445483291,-0.7741555787536273,1.0947784251565718,0.7037907828809946,0.14441564892556727
TARGET-20-PASAFM,1.36761493922459,0.5263585666873324,0.8003867463842009,-1.0451894459038051,0.14910907960009925,-0.8143630716764397,-0.4210756618600704,1.2225844972768602,-0.4269249748696005,-0.5042596758331294,0.3151703205426741,-0.3909254939874007,-0.007878920501052683,0.6342041489589496,0.3402188853100673,0.7270792921738362,-0.8679321164854958,-0.09811696022185504,-0.7328204374338017,0.9506976931016936,-0.304376298190135,0.02719137353889215,0.8949779440696971,0.713136120988142
TARGET-20-PASBBE,-1.4907037863835435,0.20705159541260834,-0.18347833933723348,1.16310655227893,-0.6002881602959435,-0.9861062241499732,1.4174454049961172,0.8960512056327514,0.9306069999550114,0.43166655789773406,-0.7146108909627349,0.8341990269553199,1.0087838065527654,0.25810867482277144,0.0762438548700034,-0.9179741162784288,0.8239890215040385,-0.9975325313098208,-1.814196715737146,-0.13896636654913613,1.3141535469897871,0.21124279620133207,-2.437169298427333,-0.02992172140974043
TARGET-20-PASBHI,0.8450285225690234,-0.8033224736056291,1.2911507510246003,-0.4768715005023933,1.6633109269742794,-0.6257808668314685,-0.1222302056045003,-1.0603661628310708,0.1482825413950976,0.6422042411205744,0.19886509375006012,-1.2863448930866694,-0.6217712315410211,-0.3533059795581363,0.060321797055067225,0.9846174937443234,-0.1623643927041324,0.6459642986000367,-0.2804128507142544,0.32491211834402023,0.09691607214003964,-1.3423162749253508,0.5094292098782116,0.5172615906973279
TARGET-20-PASCCS,-2.9228157783627564,-0.8635598316835306,-0.20120484366046693,1.5421255741430142,-0.5356628129376884,-0.10604750058725236,0.11983251089807673,1.3512998803412792,-0.5678890931281355,0.22526901731759494,0.23016258472189624,0.2939175651351594,-2.4513395078908866,-0.8929212250578706,-0.5591220712689109,-0.8448068280255371,-0.025230487654698198,-1.6775646525298078,-0.061784781918168274,-0.4294294719751108,1.7121960990839362,-0.7227522266213458,-2.2611536364604063,-0.9822308912890364
TARGET-20-PASCIG,-0.7481754435246344,-0.569667509559345,-0.6434634882124185,0.14248517165372246,-0.7346746442064827,-1.1410609299691885,-1.4764819455731193,0.5660231354175532,0.38818552018415625,-0.4966905806949478,-1.4676258449297883,-1.12460693057699,-0.7096004611264477,-1.332698436115948,-1.7857085096050342,-1.0598053454595808,-0.007830331360735306,-0.17008636972910862,0.20203064837233234,-1.3686436968203932,-0.3022097526994538,0.3654939246594485,-0.6786984008938142,-0.5525981212892577
TARGET-20-PASDFK,-2.375247803097889,0.2733204219501706,1.5259387417436667,2.0437830369638217,-2.138457023908951,0.02807030120810217,-0.4937642100000135,-1.6635246198329268,-0.7557356597063632,0.284627994961674,-0.8487748857849186,-1.6348850420136294,-0.9536479502464436,-0.5565743515498678,-1.8784556568768829,0.6333806139677823,-0.17227042227742695,1.9798027427411824,-0.9677346453800176,-1.802003524585423,4.51634790343473,-0.2577266014610384,0.10133120555912044,-3.1489105011057865
TARGET-20-PASDUD,-1.1161830386579743,-1.0356113358213077,0.3857982049736173,-0.5261106622477417,0.5869351083914451,0.12797863823082745,-1.0600751873844996,0.2279973988569776,0.2564078276098822,-0.21297651125362774,0.04264552041135275,0.2290823153506308,-1.658371774262766,-0.8104148867821376,-1.3188007403477702,-1.0456900148667838,-1.0461257962880075,-0.5749496565641211,-0.5440113549709924,-0.6291276414439377,3.546578069076533,-1.180282072257868,0.5129101166260654,-0.1355416065632606
TARGET-20-PASDVA,-0.4963335432917982,0.3545132665994585,-1.5322139723785813,-0.25410832551449397,0.2852074932419789,1.2855338116170845,-0.12190921155911237,-1.0201762092635451,1.4087762954859333,-0.12981806332606327,-1.0322290803687328,0.29970445212559244,-0.8328433649639773,0.3028725038165895,-1.5171224264644356,-0.16928051778597994,1.2694157947519231,-1.3058169923602585,-0.9810338799114224,-0.5648241163913634,-0.5583435751537431,-0.11225101976247573,0.9095802384144672,-0.059206061205362974
TARGET-20-PASELF,0.032244973748615374,-0.8359284889965345,-0.4902967897876482,-1.0277298364513323,-0.4492103615047966,-0.2591297948730535,0.5161494693495258,-0.25172816730521785,-0.07303640382579478,-0.4245809796972817,0.17444322846962002,0.07302066237296963,-0.3002946878969889,-0.9220562028657274,-0.21035318579886286,-0.6883276142669527,0.4263408952415512,-0.6293409115875706,-0.7711162257017772,-0.4868433336291951,-0.496035331690163,-0.08226790166733046,0.4960747877638055,-0.2412131395823796
TARGET-20-PASHYZ,-0.5347756172583736,1.7192232198696848,0.0015916572911681775,-0.37318592506973103,-1.140401990535126,-0.3443751253604693,0.7562198090186631,-1.2579958910261608,1.6957465070193658,0.3304743598087285,-0.0929471758532024,1.0161358052023008,2.1039205817970714,-0.012013857615171555,-0.6345855075793547,-1.5524134350669088,-0.6262537080263025,0.9730998149762076,-0.935846518417011,-0.4546405365592129,-0.24046320621493664,-0.21160274557599967,-0.7019701233653138,-0.8146593913474268
TARGET-20-PASJEJ,-0.5095914272350895,-0.037506407772296135,0.9350111685206074,-1.0350812509576353,-0.08371336386275313,-1.0539178850898,0.729455546889475,0.4551983303459004,0.6566508914742885,0.7105292945491453,-0.9454801146650698,0.5800183092099364,-0.12697502407487074,1.250540725131257,1.1136997658281151,0.17774355320300034,0.3532946945619529,-0.3856107075207581,-0.8928284172602154,0.525528909599314,-0.2150664785185752,-0.9138031925324748,-0.9599075026307784,0.3896913626634929
TARGET-20-PASKIH,-1.6988351958863142,-1.1666024585221593,-0.7243572001053876,1.9311379251016039,0.319018105436037,-0.4570487545265312,1.6123552031073172,-0.1810261085208763,1.147015959034315,0.1849851754076636,-1.3884668556386932,0.8363737169708291,-0.017632194721303084,-0.5812539404375466,-0.3350527620190532,-1.8853463870078468,1.0652941592836571,-1.4622221577155754,-1.1160453060012687,-0.4127411761876564,-0.06994805185548222,0.01849417987540984,0.3291882963242661,-0.5885192118145721
TARGET-20-PASLDL,0.07494230740878101,0.23661610106744466,1.2339585219021274,0.17154623212395553,1.1035099048246355,-0.2747163557457895,0.7611122010207725,0.11105673128591866,0.6442967327954493,-1.1928187365748262,-0.4701690035579168,-0.6035659465212037,0.8121922996506911,-2.6632035315559643,0.6598205414495463,1.52918355839821,-1.2391928770150638,3.0705171260735806,0.15889574088966646,-0.465026066200644,-0.6746549710332863,-0.21157662787731152,0.032720125384449815,1.591588843058374
TARGET-20-PASLTF,1.0262389013572528,-0.7249391591362692,0.8289387651635406,-0.4598330658393455,0.22528995264492535,-1.2713580001220377,-0.4915393892026746,1.0638812257812855,-0.9113505430648032,0.3519370624656588,-1.3433734663640169,-1.0057730219326884,0.09882654388479216,-1.1277738724313786,-0.5181486902252243,-0.3077705537907918,0.09734586089137533,-0.03950290716724092,1.3371712098126785,-0.4267501584312552,0.0005449190173553932,-0.3557985600387937,-0.32817765913355795,0.3446802477924433
TARGET-20-PASMYS,-1.5641721476238846,-1.0144754207062547,-1.9535712163105956,-1.19972230500507,0.08919153900303807,1.5961643547244642,0.7669897126794174,-0.5951708106509795,1.5092726247387886,1.175088858567207,1.1402007565889931,-0.8242048352137595,0.30060984471703234,0.624640225098886,-0.1909186817992888,0.6820942420170283,0.8292148110180675,-1.9626540315717311,-0.8770095034135761,-0.2975562110736401,0.516583957928244,-0.8133806410726946,-1.273101539956505,-0.13722016219528546
TARGET-20-PASPKE,1.928411851087896,-0.2915240217464977,-0.5530671353202998,-0.9019134402653152,0.1717921485404138,-0.3636179492950738,-1.3131291827515437,-0.2576692908760689,-0.4028502041108388,0.15000985995370655,0.5401015038751779,0.9240616414946491,1.456090857398883,-1.1169269831754491,0.6958579298372903,1.0756771135719627,-0.10315792029794768,-0.4266668108668396,0.05412046658264283,0.4605619354787349,-0.3198630863272541,-1.5269161692602609,0.5102392322031823,0.2795264653371097
TARGET-20-PASPSV,0.08692650817848033,-1.3700485292576616,1.0246358452294986,0.8350496799351159,-0.32937528031068186,-1.5682237881729748,-0.16352774985760316,-0.0496896415281381,-3.4305430025495496,-0.38188417121645385,0.7189570656913798,0.3056019165744406,0.6473984571707638,1.536735314982823,-0.5857671476122749,0.7871965578031971,-0.04518611244727674,-0.4091694754841091,-0.968585662897084,0.04016488181160666,-0.27637169166239617,-0.2626106111159077,-0.2788976522818732,-0.2359967051567048
TARGET-20-PASPTW,1.1052651528096218,0.3138137422498629,0.25430458335200984,-0.7212294556025627,0.6930747517348057,0.19625840205400646,-0.4370146765275775,-0.21695512052287946,-0.30438650352950203,-0.7684668155223523,-0.007671558511979129,-0.2942070770262793,0.9875024275993938,-0.33193877405613764,0.8110104607010038,-0.5186046855267895,-0.955449734280864,1.5940733780856655,-0.11671712831388766,1.0858371647994864,-0.0692258700252528,-0.7428889723106809,-1.2144515451294675,1.304194294923041
TARGET-20-PASREH,1.56871214392775,-0.9447269008265816,0.5052977739188068,0.8953925406743625,0.6986385233616699,-0.2688207897013938,-0.1711209193450411,0.4758040824592831,-0.5181556851133265,-1.3067107587211917,0.013580375443212365,1.0787226466657092,0.17676980164153014,0.5457261899315642,0.33034689999818073,1.3254191977309908,-0.15581779924699898,-0.13288937845935755,0.5494794079870584,1.148788274444208,0.2462472261461281,-0.6010437507299095,1.006476422477354,0.2499580622806847
TARGET-20-PASTPU,1.0177573293149311,0.5879362510896026,1.3164837777253433,-0.6254696239345069,0.7264573814960135,-1.4778546288272318,0.2742638530099222,0.589209647091125,0.07698215124223,-0.8234824533388178,-0.16290889960906532,-0.3060757242295899,-0.5210039851328114,0.12738616430617253,0.593115010603878,0.462810281161156,-0.4592007223525989,0.30498851116477904,1.3551927572329034,0.6812608196770386,0.12275413317709374,0.30759098666560386,1.1473765220319732,0.4019835546764676
TARGET-20-PASWPT,0.7033312695069859,0.9572219289595552,-0.6861041093083563,0.5252181893881741,-0.6764690333407696,1.1383850376635172,0.05699515932346835,-0.5210142976636775,-0.44022945344681097,-0.5815000057499646,-0.15255081415191102,-1.0241657391825365,1.5939636725667896,0.7255746117879162,-0.09725860798606016,1.0638134566414803,-0.5548728688401865,-0.4744511043774098,-0.8227279351191417,-0.04386349437812749,-0.6285155763242585,-0.8070601579899208,-0.1724563402814741,-1.0263381685120707
TARGET-20-PASXYG,-0.696562327649335,0.27275336081293605,0.14818808421304214,1.178804885339268,-0.3820171195495232,1.1493285239905602,-2.128586883157498,-1.9704199441987216,0.9009359009058392,-0.9352663046916584,-0.9327557424439992,2.653382513661134,1.5917244004243845,-0.006345483229814884,-1.5032737950316195,-1.0509439200788535,-0.4744761070859119,-0.5076677549192172,-0.5117728090303703,-0.6564821568631283,0.944235965061754,0.24859110532681705,-1.7499419794218851,-2.2739698338964094
TARGET-20-PASYJI,0.1103449101656466,0.002368300377687876,-1.0834511999965883,0.1389243302522302,-1.2486815460426623,0.4073854538756157,0.35617267838461064,-0.9894221578379624,1.4330622484443325,0.09090487879077408,1.0179574894265522,-0.8155429343045102,-0.08081284353922433,1.0981710893899241,-1.0108350292781014,-0.6305588684789336,0.7485596311010084,-0.5591899318545047,-0.7313186418154501,-0.6949366855354432,0.3639628644733376,2.3789073166059884,-1.5326808563671857,-1.2287461538013789
TARGET-20-PATAST,-1.92931395561664,2.6407491188859864,1.2833457976285512,0.932149613205882,-0.5052760602063265,-0.6590794286959493,-0.10049116059964966,-2.1482235247309034,0.8917494752215734,1.4272057657538275,-1.406727445948937,1.3888924175223458,-0.14269969067486624,0.9494870633312495,-1.4021091555816112,-0.5881160305215131,-2.348495910448878,0.6914654525052378,-0.9230812556610176,-1.689702011190031,1.4110863970915375,-0.3874009754526653,-1.5047679248985488,-3.0274347212128423
